{
  "appdata": {
    "env": {
      "production": {
        //credentials
        "username": "AppUser1",
        "password": "Ril12345",
        "location": "503737",

        //ForgetPassword
        "otp": "",
        "loginid": "",

        //Address
        "state": "ANDHRA PRADESH",
        "city": "VISAKHAPATNAM",
        "district": "VISAKHAPATNAM",

        //Route
        "routefrom": "KARNATAKA",
        "routeto": "ANDHRA PRADESH",
        "routetype": "State",

        //account details
        "typeofcard": "TRIP CUSTOMER",

        //customer enrolment details
        "designation": "TCA",

        //vehicle entry
        "captivecard": "MINING",

        //attachments
        "appformpath": "ApplicationForm.doc",
        "identityproofpath": "IdentityProof.doc",
        "addproofpath": "AddressProof.doc",

        //Location Collection Report
        "mcasource": "CASH LOADING",
        "mcamop": "CHEQUE",
        "mcatype": "NORMAL",
        "mcafromdate": "02/12/2017",
        "mcatodate": "31/12/2017",

        //Location Cheque Deposition report
        "pifno": "00005037370004",
        "piffromdate": "01/01/2017",
        "piftodate": "30/01/2017",

        //Cash Loading
        "clcarrierid" : "558595",
        "clcustomerid": "657445--TCSCARRIER6",
        "cllocationid": "0000503737--MHA003 TCC KALAMBOLI",
        "clpayment": "CHEQUE",
        "clfromdate": "01/01/2017",
        "cltodate": "30/01/2017"

      }
    }
  }
}
